<?xml version="1.0" encoding="UTF-8"?><?xml-stylesheet type="text/css" href="idempiereDocument.css"?><idempiereDocument>
    <header>ConfProc Package Description</header>
    <H1>Package Name:</H1>
    <packagename>ConfProc</packagename>
    <H1>Author:</H1>
    <Name:/>
    <H1>Email Address:</H1>
    <Email>info@informaticagestionale.it</Email>
    <H1>Created:</H1>
    <Date>2015-06-26 23:13:45.445</Date>
    <H1>Updated:</H1>
    <Date>2015-07-08 16:48:34.623</Date>
    <H1>Description:</H1>
    <description>Process Configurator and Process Flow
with "Process Configurator" you can create the template of the business process
with "Process Flow" you can follof all the step of the process configurator
"Process Configurator" is for manager user
"Process Flow" is for operative user
for the support please contact: info@informaticagestionale.it
Author. eng. Giorgio Cafasso</description>
    <H1>Instructions:</H1>
    <instructions>1. Design your business process
2. Create your business process inside the "Process Configurator"
3. Start a process inside the "Process Flow" and follow it through the press of the "next step" button
4. The sequence of the process is fully hidden to the operative user
5. The process is fully customizable. It's possible to create all kind of states, transactions and conditions
6. FOR CUSTOMIZED EXTENSIONS PLEASE CALL US: info@informaticagestionale.it</instructions>
    <H1>Files in Package:</H1>
    <file>File: PackOut.xml</file>
    <filedirectory>Directory: \dict\</filedirectory>
    <filenotes>Notes: Contains all application/object settings for package</filenotes>
    <H1>Client:</H1>
    <Client>0-SYSTEM-System</Client>
</idempiereDocument>
